{"title":"Марио Бенедетти","markdown":{"headingText":"Марио Бенедетти","containsRefs":false,"markdown":"\n> Марио Бенедетти (Mario Benedetti) родился и вырос в Удине, переехал в Падую в 1976 году, где окончил факультет литературы и защитил диссертацию. Посвятил себя преподаванию литературы в высшей школе, сначала в Падуе, а затем в Милане, городе, куда он переехал. Его жизнь, его поэзия и образ жизни характеризовались наличием хронической болезни: особой формы рассеянного склероза, которая сопровождала его с детства. Все стихи Бенедетти собраны в одной книге Tutte le poesie (Garzanti, 2017) .\\\n> \\\n> (1955-2020)\n\n**Этого так мало**\n\nТого что ты знаешь,\\\nтого что ты знаешь обо мне,\\\nтак мало,\\\nтого что ты знаешь\\\nо моих облаках,\\\nо моём молчании,\\\nо моих жестах,\\\nтак мало того, что ты знаешь\\\nоб этой печали при виде\\\nмоего дома снаружи,\\\nо жалюзях моей печали,\\\nо колокольчике моей печали.\\\n\\\nВпрочем, ты не знаешь\\\nничего по-настоящему,\\\nиногда ты думаешь,\\\nкак мало того, что я знаю\\\nо тебе,\\\nкак мало того что я знаю,\\\nо твоих облаках,\\\nо твоём молчании,\\\nо твоих жестах\\\nкак мало того, что я знаю\\\nоб этой печали при виде\\\nтвоего дома снаружи,\\\nо жалюзях твоей печали,\\\nо колокольчике твоей печали.\\\n\\\nИ ты мне не звонишь.\\\nИ я тебе не звоню.\n\n**Сирена**\n\nЯ убеждён, что ты не существуешь\\\nи всё же я слышу тебя каждую ночь.\\\n\\\nПорой тебя я выдумываю, может быть, от тщеславия\\\nили от лени, а, может быть, просто в отчаянии,\\\n\\\nот бесконечности моря идёт моё восхищенье,\\\nсловно псалмами заслушиваюсь я твоим пеньем,\\\n\\\nи до того убежден я в твоём несуществовании,\\\nчто жду тебя даже во сне, который увижу лишь завтра.\\\n\\\n","srcMarkdownNoYaml":""},"formats":{"html":{"identifier":{"display-name":"HTML","target-format":"html","base-format":"html"},"execute":{"fig-width":7,"fig-height":5,"fig-format":"retina","fig-dpi":96,"df-print":"default","error":false,"eval":true,"cache":null,"freeze":false,"echo":true,"output":true,"warning":true,"include":true,"keep-md":false,"keep-ipynb":false,"ipynb":null,"enabled":null,"daemon":null,"daemon-restart":false,"debug":false,"ipynb-filters":[],"ipynb-shell-interactivity":null,"plotly-connected":true,"engine":"markdown"},"render":{"keep-tex":false,"keep-typ":false,"keep-source":false,"keep-hidden":false,"prefer-html":false,"output-divs":true,"output-ext":"html","fig-align":"default","fig-pos":null,"fig-env":null,"code-fold":"none","code-overflow":"scroll","code-link":false,"code-line-numbers":false,"code-tools":false,"tbl-colwidths":"auto","merge-includes":true,"inline-includes":false,"preserve-yaml":false,"latex-auto-mk":true,"latex-auto-install":true,"latex-clean":true,"latex-min-runs":1,"latex-max-runs":10,"latex-makeindex":"makeindex","latex-makeindex-opts":[],"latex-tlmgr-opts":[],"latex-input-paths":[],"latex-output-dir":null,"link-external-icon":false,"link-external-newwindow":false,"self-contained-math":false,"format-resources":[],"notebook-links":true},"pandoc":{"standalone":true,"wrap":"none","default-image-extension":"png","to":"html","number-sections":false,"toc":true,"output-file":"Бенедетти.html"},"language":{"toc-title-document":"Table of contents","toc-title-website":"On this page","related-formats-title":"Other Formats","related-notebooks-title":"Notebooks","source-notebooks-prefix":"Source","other-links-title":"Other Links","code-links-title":"Code Links","launch-dev-container-title":"Launch Dev Container","launch-binder-title":"Launch Binder","article-notebook-label":"Article Notebook","notebook-preview-download":"Download Notebook","notebook-preview-download-src":"Download Source","notebook-preview-back":"Back to Article","manuscript-meca-bundle":"MECA Bundle","section-title-abstract":"Abstract","section-title-appendices":"Appendices","section-title-footnotes":"Footnotes","section-title-references":"References","section-title-reuse":"Reuse","section-title-copyright":"Copyright","section-title-citation":"Citation","appendix-attribution-cite-as":"For attribution, please cite this work as:","appendix-attribution-bibtex":"BibTeX citation:","title-block-author-single":"Author","title-block-author-plural":"Authors","title-block-affiliation-single":"Affiliation","title-block-affiliation-plural":"Affiliations","title-block-published":"Published","title-block-modified":"Modified","title-block-keywords":"Keywords","callout-tip-title":"Tip","callout-note-title":"Note","callout-warning-title":"Warning","callout-important-title":"Important","callout-caution-title":"Caution","code-summary":"Code","code-tools-menu-caption":"Code","code-tools-show-all-code":"Show All Code","code-tools-hide-all-code":"Hide All Code","code-tools-view-source":"View Source","code-tools-source-code":"Source Code","tools-share":"Share","tools-download":"Download","code-line":"Line","code-lines":"Lines","copy-button-tooltip":"Copy to Clipboard","copy-button-tooltip-success":"Copied!","repo-action-links-edit":"Edit this page","repo-action-links-source":"View source","repo-action-links-issue":"Report an issue","back-to-top":"Back to top","search-no-results-text":"No results","search-matching-documents-text":"matching documents","search-copy-link-title":"Copy link to search","search-hide-matches-text":"Hide additional matches","search-more-match-text":"more match in this document","search-more-matches-text":"more matches in this document","search-clear-button-title":"Clear","search-text-placeholder":"","search-detached-cancel-button-title":"Cancel","search-submit-button-title":"Submit","search-label":"Search","toggle-section":"Toggle section","toggle-sidebar":"Toggle sidebar navigation","toggle-dark-mode":"Toggle dark mode","toggle-reader-mode":"Toggle reader mode","toggle-navigation":"Toggle navigation","crossref-fig-title":"Figure","crossref-tbl-title":"Table","crossref-lst-title":"Listing","crossref-thm-title":"Theorem","crossref-lem-title":"Lemma","crossref-cor-title":"Corollary","crossref-prp-title":"Proposition","crossref-cnj-title":"Conjecture","crossref-def-title":"Definition","crossref-exm-title":"Example","crossref-exr-title":"Exercise","crossref-ch-prefix":"Chapter","crossref-apx-prefix":"Appendix","crossref-sec-prefix":"Section","crossref-eq-prefix":"Equation","crossref-lof-title":"List of Figures","crossref-lot-title":"List of Tables","crossref-lol-title":"List of Listings","environment-proof-title":"Proof","environment-remark-title":"Remark","environment-solution-title":"Solution","listing-page-order-by":"Order By","listing-page-order-by-default":"Default","listing-page-order-by-date-asc":"Oldest","listing-page-order-by-date-desc":"Newest","listing-page-order-by-number-desc":"High to Low","listing-page-order-by-number-asc":"Low to High","listing-page-field-date":"Date","listing-page-field-title":"Title","listing-page-field-description":"Description","listing-page-field-author":"Author","listing-page-field-filename":"File Name","listing-page-field-filemodified":"Modified","listing-page-field-subtitle":"Subtitle","listing-page-field-readingtime":"Reading Time","listing-page-field-wordcount":"Word Count","listing-page-field-categories":"Categories","listing-page-minutes-compact":"{0} min","listing-page-category-all":"All","listing-page-no-matches":"No matching items","listing-page-words":"{0} words"},"metadata":{"lang":"en","fig-responsive":true,"quarto-version":"1.4.553","editor":"visual","theme":"cosmo","linestretch":1.5,"toc-location":"right","toc-title":"Содержание","mainfont":"monospace"},"extensions":{"book":{"multiFile":true}}}},"projectFormats":["html"]}