{"title":"Коррадо Говони","markdown":{"headingText":"Коррадо Говони","headingAttr":{"id":"","classes":[],"keyvalue":[["style","gray"]]},"containsRefs":false,"markdown":"\n> Коррадо Говони (Corrado Govoni), впервые опубликовал свои стихи еще до первой мировой войны. Его считают отцом литературного движения «Kрепускуларизм», буквально означающего «Сумерки» и занимающегося скромными предметами, меланхолией и самоанализом. О себе он писал «Я всегда любил грустн ые вещи, бродячую музыку, песни о любви, которые поют старики в тавернах, молитвы монахинь, пестрых оборванных и больных нищих, инвалидов, грустную осень, полную прощаний... все грусти любви, грусти работы, грусти пустяков».\n>\n> (1884-1965)\n\n<br/>\n\n**То, что делает воскресенье воскресеньем**\n\nТёплый запах хлеба, пекущегося в духовке.\\\nПетушиная песня из курятника.\\\nПенье канареек, доносящееяся из окон.\\\nСкрип вóрота и стук ведра о стенки колодца.\\\nБельё, разбросанное на траве.\\\nСолнечные блики на подоконниках.\\\nСвежая скатерть на столе.\\\nЗеркала в комнатах.\\\nЦветы в стаканах.\\\nБродяга, заставляющий плакать свою гармошку.\\\nКрики трубочиста.\\\nМилостыня нищим.\\\nСнег.\\\nЗамёрзший канал.\\\nЗвон колоколов.\\\nЖенщины в чёрном.\\\nНовости.\\\nЧёрно-белые звуки пианино.\\\nМонахини, замотанные в белое,\\\nбудто они ранены.\\\nСвященники в чёрном.\\\nБольные в сером.\\\nСинева ясного неба.\\\nПрогулки влюблённых.\\\nПрогулки больных.\\\nШум деревьев.\\\nБелые кошки за стеклом.\\\nВерчение красных флюгеров.\\\nХлопание дверей и окон.\\\nЗолотая кожура апельсинов на мостовой.\\\nПо переулкам дети, играющие в серсо.\\\nБьющие в садах фонтаны.\\\nВоздушные змеи, парящие над домами.\\\nСолдаты в синем, выполняющие манёвр.\\\nЛошади, стучащие копытами о мостовую.\\\nДевушки, продающие фиалки.\\\nПавлин, распускающий хвост над красной лестницей.\\\nГолуби воркующие на крыше.\\\nМиндаль, цветущий на монастырском дворе.\\\nРозовые олеандры в прихожих.\\\nБелые шторы, трепыхающиеся на ветру.\n\n<br/>\n\n**Кораблекрушение**\n\nНа моей потерпевшей кораблекрушение голове,\\\nухватившись за сломанный стол,\\\nкак за материнскую колыбель,\\\nплыву по черному морю жизни.\\\nЯ вижу, как качаются звезды, словно\\\nнежные ветки миндального дерева.\\\nСвет из внешнего мира\\\nили головокружение от\\\nчарующих бездн небытия?\n\n<br/>\n\n**Сладость**\n\nСиние воскресенья весны.\\\nСнег на домах, как белый парик.\\\nПрогулки влюбленных по каналу.\\\nХлеб, выпекаемый воскресеным утром.\\\nМартовский дождь, стучащий по серым плиткам.\\\nНа стене расцветающая глициния.\\\nБелые занавески на окнах монастыря.\\\nСубботние колокола.\\\nСвечи зажжённые перед мощами.\\\nЗеркала с подсветкой в ​​комнатах.\\\nКрасные цветы на белой скатерти.\\\nЗолотые лампы, которые загораются вечером.\\\nКровавые сумерки, умирающие на стенах.\\\nРаспустившиеся розы на постели больного.\\\nИгра на фортепиано в день праздника.\\\nПесня кукушки в селе.\\\nКошки на подоконниках.\\\nБелые голуби на крышах.\\\nМальвы в горшках.\\\nНищие, которые едят на порогах церквей.\\\nБольные на солнце.\\\nМаленькие девочки в дверях, расчесывающие волосы на солнце.\\\nЖенщины, поющие у окна.\n","srcMarkdownNoYaml":""},"formats":{"html":{"identifier":{"display-name":"HTML","target-format":"html","base-format":"html"},"execute":{"fig-width":7,"fig-height":5,"fig-format":"retina","fig-dpi":96,"df-print":"default","error":false,"eval":true,"cache":null,"freeze":false,"echo":true,"output":true,"warning":true,"include":true,"keep-md":false,"keep-ipynb":false,"ipynb":null,"enabled":null,"daemon":null,"daemon-restart":false,"debug":false,"ipynb-filters":[],"ipynb-shell-interactivity":null,"plotly-connected":true,"engine":"markdown"},"render":{"keep-tex":false,"keep-typ":false,"keep-source":false,"keep-hidden":false,"prefer-html":false,"output-divs":true,"output-ext":"html","fig-align":"default","fig-pos":null,"fig-env":null,"code-fold":"none","code-overflow":"scroll","code-link":false,"code-line-numbers":false,"code-tools":false,"tbl-colwidths":"auto","merge-includes":true,"inline-includes":false,"preserve-yaml":false,"latex-auto-mk":true,"latex-auto-install":true,"latex-clean":true,"latex-min-runs":1,"latex-max-runs":10,"latex-makeindex":"makeindex","latex-makeindex-opts":[],"latex-tlmgr-opts":[],"latex-input-paths":[],"latex-output-dir":null,"link-external-icon":false,"link-external-newwindow":false,"self-contained-math":false,"format-resources":[],"notebook-links":true},"pandoc":{"standalone":true,"wrap":"none","default-image-extension":"png","to":"html","number-sections":false,"toc":true,"output-file":"Говони.html"},"language":{"toc-title-document":"Table of contents","toc-title-website":"On this page","related-formats-title":"Other Formats","related-notebooks-title":"Notebooks","source-notebooks-prefix":"Source","other-links-title":"Other Links","code-links-title":"Code Links","launch-dev-container-title":"Launch Dev Container","launch-binder-title":"Launch Binder","article-notebook-label":"Article Notebook","notebook-preview-download":"Download Notebook","notebook-preview-download-src":"Download Source","notebook-preview-back":"Back to Article","manuscript-meca-bundle":"MECA Bundle","section-title-abstract":"Abstract","section-title-appendices":"Appendices","section-title-footnotes":"Footnotes","section-title-references":"References","section-title-reuse":"Reuse","section-title-copyright":"Copyright","section-title-citation":"Citation","appendix-attribution-cite-as":"For attribution, please cite this work as:","appendix-attribution-bibtex":"BibTeX citation:","title-block-author-single":"Author","title-block-author-plural":"Authors","title-block-affiliation-single":"Affiliation","title-block-affiliation-plural":"Affiliations","title-block-published":"Published","title-block-modified":"Modified","title-block-keywords":"Keywords","callout-tip-title":"Tip","callout-note-title":"Note","callout-warning-title":"Warning","callout-important-title":"Important","callout-caution-title":"Caution","code-summary":"Code","code-tools-menu-caption":"Code","code-tools-show-all-code":"Show All Code","code-tools-hide-all-code":"Hide All Code","code-tools-view-source":"View Source","code-tools-source-code":"Source Code","tools-share":"Share","tools-download":"Download","code-line":"Line","code-lines":"Lines","copy-button-tooltip":"Copy to Clipboard","copy-button-tooltip-success":"Copied!","repo-action-links-edit":"Edit this page","repo-action-links-source":"View source","repo-action-links-issue":"Report an issue","back-to-top":"Back to top","search-no-results-text":"No results","search-matching-documents-text":"matching documents","search-copy-link-title":"Copy link to search","search-hide-matches-text":"Hide additional matches","search-more-match-text":"more match in this document","search-more-matches-text":"more matches in this document","search-clear-button-title":"Clear","search-text-placeholder":"","search-detached-cancel-button-title":"Cancel","search-submit-button-title":"Submit","search-label":"Search","toggle-section":"Toggle section","toggle-sidebar":"Toggle sidebar navigation","toggle-dark-mode":"Toggle dark mode","toggle-reader-mode":"Toggle reader mode","toggle-navigation":"Toggle navigation","crossref-fig-title":"Figure","crossref-tbl-title":"Table","crossref-lst-title":"Listing","crossref-thm-title":"Theorem","crossref-lem-title":"Lemma","crossref-cor-title":"Corollary","crossref-prp-title":"Proposition","crossref-cnj-title":"Conjecture","crossref-def-title":"Definition","crossref-exm-title":"Example","crossref-exr-title":"Exercise","crossref-ch-prefix":"Chapter","crossref-apx-prefix":"Appendix","crossref-sec-prefix":"Section","crossref-eq-prefix":"Equation","crossref-lof-title":"List of Figures","crossref-lot-title":"List of Tables","crossref-lol-title":"List of Listings","environment-proof-title":"Proof","environment-remark-title":"Remark","environment-solution-title":"Solution","listing-page-order-by":"Order By","listing-page-order-by-default":"Default","listing-page-order-by-date-asc":"Oldest","listing-page-order-by-date-desc":"Newest","listing-page-order-by-number-desc":"High to Low","listing-page-order-by-number-asc":"Low to High","listing-page-field-date":"Date","listing-page-field-title":"Title","listing-page-field-description":"Description","listing-page-field-author":"Author","listing-page-field-filename":"File Name","listing-page-field-filemodified":"Modified","listing-page-field-subtitle":"Subtitle","listing-page-field-readingtime":"Reading Time","listing-page-field-wordcount":"Word Count","listing-page-field-categories":"Categories","listing-page-minutes-compact":"{0} min","listing-page-category-all":"All","listing-page-no-matches":"No matching items","listing-page-words":"{0} words"},"metadata":{"lang":"en","fig-responsive":true,"quarto-version":"1.4.553","editor":"visual","theme":"cosmo","linestretch":1.5,"toc-location":"right","toc-title":"Содержание","mainfont":"monospace"},"extensions":{"book":{"multiFile":true}}}},"projectFormats":["html"]}