{"title":"Патриция Кавалли","markdown":{"headingText":"Патриция Кавалли","containsRefs":false,"markdown":"\n> Итальянская поэтесса Патриция Кавалли (Patrizia Cavalli) родилась в Тоди, муниципалитете провинции Перуджа в центральной Италии, и жила в Риме. Она является автором многих сборников стихов, включая Con passi giapponesi (2019), My Poems Won’t Change the World: Selected Poems (2013), Datura (2013), Flighty Matters (2012), Pigre divinità e pigra sorte (2006), Sempre aperto teatro (1999) и L’io singolare proprio mio (1992) и лауреатом многих премий.\n>\n> (1947-2022)\n\n\\*\\*\\*\n\nНе полагайся на мое воображение,\\\nне доверяйся ему, я не буду хранить тебя,\\\nне положу на полку и не оставлю на зиму,\\\nнет, я открою тебя сразу и съем в один присест.\\\n\\\n\n\\*\\*\\*\n\nРаньше, когда ты уходила, то забывала всегда\\\nто духи, то платок носовой, самый красивый,\\\nто новые брюки, то подарки друзьям,\\\nто сапоги, то перчатки и зонтик.\\\nВ этот раз ты оставила\\\nпару трусов\\\nжелтых пуэрториканских.\\\n\\\n\n\\*\\*\\*\n\nMaрроканцы со своими коврами –\\\nвылитые святые,\\\nа на самом деле – просто торговцы.\\\n\\\n\n\\*\\*\\*\n\n**Ну чтож, посмотрим, как ты цветёшь**\n\nНу чтож, посмотрим, как ты цветёшь,\\\nкак раскрываешься,\\\nкакого цвета лепестки твои\\\nи сколько пестиков,\\\nкакие трюки знаешь, чтобы\\\nпыльцу свою разбрасывать\\\nи повторять себя, цветешь ты\\\nвяло или бурно, увидим, как ты подрезан,\\\nкуда склоняешься, а коль умрёшь,\\\nзасохнешь или скиснешь,\\\nну, вперед, я на тебя смотрю,\\\nдавай, цвети!\\\n\n**Жизнь так утомительна**\n\nЖизнь так утомительна! Ведь знает,\\\nчто должна закончиться, что\\\nприговорена, но даже умирая,\\\nутомляет. Даже урезанная,\\\nупрямо делает своё -\\\nжить продолжает.\\\n\n**Терапия**\n\nО, дайте мне комнату в гостинице,\\\nкомнатушку, комнатушку в гостинице,\\\nда, комнату, комнату в гостинице,\\\nкомнатушку, комнатушку в гостинице...\\\n(...так всё и будет продолжаться\\\nне останавливаясь,\\\nпока уставшая и измученная\\\nты не свалишься полумёртвая\\\nна любую койку,\\\nхоть не застеленную, хоть грязную.)\\\n\n\\*\\*\\*\n\nКак это грустно - щёлканье и скрип суставов!\\\nВсякий раз напоминают о скелете,\\\nпока прикрытом милосердной плотью.\\\n\n\\*\\*\\*\n\nДва часа назад я влюбилась.\\\nДрожу от любви и продолжаю дрожать,\\\nи не знаю толком, кому я открыться должна.\\\n\n\\*\\*\\*\n\nЯ стала очень мудрой,\\\nя говорю мудрости одну за другой,\\\nлегко, очень легко.\\\nЯ говорю их и тут же забываю,\\\nя могу забывать их,\\\nпотому что у меня всегда про запас есть ещё одна.\\\nК тому же,\\\nя не из тех, кто экономит!\\\n\n\\*\\*\\*\n\n**Всё так просто**\n\nВсё так просто,\\\nда, было так просто,\\\nтак очевидно, что\\\nя почти в это не верю -\\\nтело предназначено вот для чего:\\\nчтобы касаться меня или не касаться,\\\nчтобы обнимать меня или отталкивать,\\\nа остальное оставим придуркам.\n","srcMarkdownNoYaml":""},"formats":{"html":{"identifier":{"display-name":"HTML","target-format":"html","base-format":"html"},"execute":{"fig-width":7,"fig-height":5,"fig-format":"retina","fig-dpi":96,"df-print":"default","error":false,"eval":true,"cache":null,"freeze":false,"echo":true,"output":true,"warning":true,"include":true,"keep-md":false,"keep-ipynb":false,"ipynb":null,"enabled":null,"daemon":null,"daemon-restart":false,"debug":false,"ipynb-filters":[],"ipynb-shell-interactivity":null,"plotly-connected":true,"engine":"markdown"},"render":{"keep-tex":false,"keep-typ":false,"keep-source":false,"keep-hidden":false,"prefer-html":false,"output-divs":true,"output-ext":"html","fig-align":"default","fig-pos":null,"fig-env":null,"code-fold":"none","code-overflow":"scroll","code-link":false,"code-line-numbers":false,"code-tools":false,"tbl-colwidths":"auto","merge-includes":true,"inline-includes":false,"preserve-yaml":false,"latex-auto-mk":true,"latex-auto-install":true,"latex-clean":true,"latex-min-runs":1,"latex-max-runs":10,"latex-makeindex":"makeindex","latex-makeindex-opts":[],"latex-tlmgr-opts":[],"latex-input-paths":[],"latex-output-dir":null,"link-external-icon":false,"link-external-newwindow":false,"self-contained-math":false,"format-resources":[],"notebook-links":true},"pandoc":{"standalone":true,"wrap":"none","default-image-extension":"png","to":"html","number-sections":false,"toc":true,"output-file":"Кавалли.html"},"language":{"toc-title-document":"Table of contents","toc-title-website":"On this page","related-formats-title":"Other Formats","related-notebooks-title":"Notebooks","source-notebooks-prefix":"Source","other-links-title":"Other Links","code-links-title":"Code Links","launch-dev-container-title":"Launch Dev Container","launch-binder-title":"Launch Binder","article-notebook-label":"Article Notebook","notebook-preview-download":"Download Notebook","notebook-preview-download-src":"Download Source","notebook-preview-back":"Back to Article","manuscript-meca-bundle":"MECA Bundle","section-title-abstract":"Abstract","section-title-appendices":"Appendices","section-title-footnotes":"Footnotes","section-title-references":"References","section-title-reuse":"Reuse","section-title-copyright":"Copyright","section-title-citation":"Citation","appendix-attribution-cite-as":"For attribution, please cite this work as:","appendix-attribution-bibtex":"BibTeX citation:","title-block-author-single":"Author","title-block-author-plural":"Authors","title-block-affiliation-single":"Affiliation","title-block-affiliation-plural":"Affiliations","title-block-published":"Published","title-block-modified":"Modified","title-block-keywords":"Keywords","callout-tip-title":"Tip","callout-note-title":"Note","callout-warning-title":"Warning","callout-important-title":"Important","callout-caution-title":"Caution","code-summary":"Code","code-tools-menu-caption":"Code","code-tools-show-all-code":"Show All Code","code-tools-hide-all-code":"Hide All Code","code-tools-view-source":"View Source","code-tools-source-code":"Source Code","tools-share":"Share","tools-download":"Download","code-line":"Line","code-lines":"Lines","copy-button-tooltip":"Copy to Clipboard","copy-button-tooltip-success":"Copied!","repo-action-links-edit":"Edit this page","repo-action-links-source":"View source","repo-action-links-issue":"Report an issue","back-to-top":"Back to top","search-no-results-text":"No results","search-matching-documents-text":"matching documents","search-copy-link-title":"Copy link to search","search-hide-matches-text":"Hide additional matches","search-more-match-text":"more match in this document","search-more-matches-text":"more matches in this document","search-clear-button-title":"Clear","search-text-placeholder":"","search-detached-cancel-button-title":"Cancel","search-submit-button-title":"Submit","search-label":"Search","toggle-section":"Toggle section","toggle-sidebar":"Toggle sidebar navigation","toggle-dark-mode":"Toggle dark mode","toggle-reader-mode":"Toggle reader mode","toggle-navigation":"Toggle navigation","crossref-fig-title":"Figure","crossref-tbl-title":"Table","crossref-lst-title":"Listing","crossref-thm-title":"Theorem","crossref-lem-title":"Lemma","crossref-cor-title":"Corollary","crossref-prp-title":"Proposition","crossref-cnj-title":"Conjecture","crossref-def-title":"Definition","crossref-exm-title":"Example","crossref-exr-title":"Exercise","crossref-ch-prefix":"Chapter","crossref-apx-prefix":"Appendix","crossref-sec-prefix":"Section","crossref-eq-prefix":"Equation","crossref-lof-title":"List of Figures","crossref-lot-title":"List of Tables","crossref-lol-title":"List of Listings","environment-proof-title":"Proof","environment-remark-title":"Remark","environment-solution-title":"Solution","listing-page-order-by":"Order By","listing-page-order-by-default":"Default","listing-page-order-by-date-asc":"Oldest","listing-page-order-by-date-desc":"Newest","listing-page-order-by-number-desc":"High to Low","listing-page-order-by-number-asc":"Low to High","listing-page-field-date":"Date","listing-page-field-title":"Title","listing-page-field-description":"Description","listing-page-field-author":"Author","listing-page-field-filename":"File Name","listing-page-field-filemodified":"Modified","listing-page-field-subtitle":"Subtitle","listing-page-field-readingtime":"Reading Time","listing-page-field-wordcount":"Word Count","listing-page-field-categories":"Categories","listing-page-minutes-compact":"{0} min","listing-page-category-all":"All","listing-page-no-matches":"No matching items","listing-page-words":"{0} words"},"metadata":{"lang":"en","fig-responsive":true,"quarto-version":"1.4.553","editor":"visual","theme":"cosmo","linestretch":1.5,"toc-location":"right","toc-title":"Содержание","mainfont":"monospace"},"extensions":{"book":{"multiFile":true}}}},"projectFormats":["html"]}