{"title":"Джорджио Капрони","markdown":{"headingText":"Джорджио Капрони","containsRefs":false,"markdown":"\n> Джорджио Капрони (Giorgio Caproni), по роду деятельности школьный учитель, был автором огромного количества замечательных стихов, из которых лишь очень немногие были переведены на русский язык.\n>\n> Один из его главных критиков, Карло Бо, писал о Капрони так: “Поэт солнца, света и моря”. Свои стихи Капрони, в основном, посвящал городам, в которых родился и вырос, Ливорно и Генуе, а также матери и жене Рине.\n>\n> (1912-1990)\n\n<br/>\n\n**Листья**\n\nСколько ушло их...\\\nМного.\\\nА что же осталось?\\\nДаже ни вздоха.\\\nДаже следов от царапин\\\nили укусов.\\\nВсе\\\nбесследно\\\nисчезли, от себя ничего\\\nне оставив.\\\nКак\\\nне остается следов\\\nна мраморе от подувшего ветра.\\\nКак\\\nне остается следов от тени\\\nна тротуаре.\\\nВсё\\\nисчезает в пыли,\\\nзастилающей зренье.\\\nТам,\\\nза стеклом,\\\nголосов приглушённых шёпот,\\\nбудто листья дышат неслышно.\\\nЛистья, о которых\\\nведaeт только сердце,\\\nум в них не верит.\n\n<br/>\n\n**Записка, оставленная перед тем, как я не уехал**\n\nЕсли я не вернусь,\\\nзнайте, что я никогда\\\nи не уезжал.\\\nВсё моё путешествие -\\\nэто пребывание\\\nздесь, где меня и не было никогда.\n\n<br/>\n\n**Рине**\n\nЕсли мир принимает и цвет, и жизнь,\\\nто этим я обязан тебе, любимая…\n\n<br/>\n\n**Возвращение**\n\nЯ вернулся туда,\\\nгде никогда не был.\\\nС тех пор, как меня тут не было,\\\nничего не изменилось.\\\nНа столе, покрытом\\\nклетчатой клеенкой,\\\nнашел стакан, который\\\nникогда не наполнял.\\\nВсё здесь осталось тeм же,\\\nсловно никогда это и не покидал.\\\n\n**Жизнерадостность**\n\n\\\nБыло холодно.\\\nВетер резал пальцы.\\\nДыхание перехватывало.\\\nА я никогда еще не был так счастлив.\n\n<br/>\n\n**Перестаньте мучиться**\n\nXотите со мной встретиться,\\\nищите меня там, где нет меня.\\\nДругого места подсказать не могу.\n\n<br/>\n\n**Откровение**\n\nЯ решился.\\\nЯ обернулся.\\\nЯ быстро, одному за другим,\\\nзaглянул в глазамоим убийцам.\\\nУ каждого из них– у всех – было мое лицо.\\\n<br/>\n\n**Встреча**\n\nВ свежем воздухе запах\\\nизвёстки от новых домов,\\\nмиг: и ничего не осталось во мне,\\\n– взмах ресниц,\\\nи паника удивления\\\nв твоем черном, свеpкающем взгляде\\\nсловно лён полыхнул на мгновение,\\\nтак быстро ты мимо прошла.\\\n<br/>\n\n**Почти закончив подъём**\n\n-Синьор, возвращайтесь в долину.\\\nТо, что вы ищете перед собой,\\\nосталось у вас позади, за спиной.\\\n<br/>\n\n**Каденция**\n\nТоника, терция, квинта,\\\nмалая септима. Так и\\\nне разрешится\\\nжизни моей аккорд?\\\n<br/>\n\n**Тьмa**\n\nДаже фонаря с собой\\\nне возьму. Тьмa\\\nтам такая тёмная,\\\nчто eё просто нет.\\\n<br/>\n\n**Рине II**\n\nБез тебя дерево\\\nбольше не будет деревом.\\\nНичто без тебя уже\\\nне будет тем, что оно есть.\\\n<br/>\n\n**Сердце**\n\nСердце бьется в центре\\\nПарижа. Бьётся\\\nна площади Согласия. Бьётся\\\nсреди деревьев Елисейских Полей.\\\nСердце бьется в сàмом сердце\\\nсàмого сердца Парижа.\\\n<br/>\n\n\\\n**Геральдика**\n\nЛюбимая, как больно\\\nранен век, а мы так одиноки\\\n- ты и я - в той серости\\\nбез имени. Время соловья и льва прошло.\\\nГерб сломан. Бесследно\\\nединорог оставил этот мир:\\\nТень в сердце у меня.\n","srcMarkdownNoYaml":""},"formats":{"html":{"identifier":{"display-name":"HTML","target-format":"html","base-format":"html"},"execute":{"fig-width":7,"fig-height":5,"fig-format":"retina","fig-dpi":96,"df-print":"default","error":false,"eval":true,"cache":null,"freeze":false,"echo":true,"output":true,"warning":true,"include":true,"keep-md":false,"keep-ipynb":false,"ipynb":null,"enabled":null,"daemon":null,"daemon-restart":false,"debug":false,"ipynb-filters":[],"ipynb-shell-interactivity":null,"plotly-connected":true,"engine":"markdown"},"render":{"keep-tex":false,"keep-typ":false,"keep-source":false,"keep-hidden":false,"prefer-html":false,"output-divs":true,"output-ext":"html","fig-align":"default","fig-pos":null,"fig-env":null,"code-fold":"none","code-overflow":"scroll","code-link":false,"code-line-numbers":false,"code-tools":false,"tbl-colwidths":"auto","merge-includes":true,"inline-includes":false,"preserve-yaml":false,"latex-auto-mk":true,"latex-auto-install":true,"latex-clean":true,"latex-min-runs":1,"latex-max-runs":10,"latex-makeindex":"makeindex","latex-makeindex-opts":[],"latex-tlmgr-opts":[],"latex-input-paths":[],"latex-output-dir":null,"link-external-icon":false,"link-external-newwindow":false,"self-contained-math":false,"format-resources":[],"notebook-links":true},"pandoc":{"standalone":true,"wrap":"none","default-image-extension":"png","to":"html","number-sections":false,"toc":true,"output-file":"Капрони.html"},"language":{"toc-title-document":"Table of contents","toc-title-website":"On this page","related-formats-title":"Other Formats","related-notebooks-title":"Notebooks","source-notebooks-prefix":"Source","other-links-title":"Other Links","code-links-title":"Code Links","launch-dev-container-title":"Launch Dev Container","launch-binder-title":"Launch Binder","article-notebook-label":"Article Notebook","notebook-preview-download":"Download Notebook","notebook-preview-download-src":"Download Source","notebook-preview-back":"Back to Article","manuscript-meca-bundle":"MECA Bundle","section-title-abstract":"Abstract","section-title-appendices":"Appendices","section-title-footnotes":"Footnotes","section-title-references":"References","section-title-reuse":"Reuse","section-title-copyright":"Copyright","section-title-citation":"Citation","appendix-attribution-cite-as":"For attribution, please cite this work as:","appendix-attribution-bibtex":"BibTeX citation:","title-block-author-single":"Author","title-block-author-plural":"Authors","title-block-affiliation-single":"Affiliation","title-block-affiliation-plural":"Affiliations","title-block-published":"Published","title-block-modified":"Modified","title-block-keywords":"Keywords","callout-tip-title":"Tip","callout-note-title":"Note","callout-warning-title":"Warning","callout-important-title":"Important","callout-caution-title":"Caution","code-summary":"Code","code-tools-menu-caption":"Code","code-tools-show-all-code":"Show All Code","code-tools-hide-all-code":"Hide All Code","code-tools-view-source":"View Source","code-tools-source-code":"Source Code","tools-share":"Share","tools-download":"Download","code-line":"Line","code-lines":"Lines","copy-button-tooltip":"Copy to Clipboard","copy-button-tooltip-success":"Copied!","repo-action-links-edit":"Edit this page","repo-action-links-source":"View source","repo-action-links-issue":"Report an issue","back-to-top":"Back to top","search-no-results-text":"No results","search-matching-documents-text":"matching documents","search-copy-link-title":"Copy link to search","search-hide-matches-text":"Hide additional matches","search-more-match-text":"more match in this document","search-more-matches-text":"more matches in this document","search-clear-button-title":"Clear","search-text-placeholder":"","search-detached-cancel-button-title":"Cancel","search-submit-button-title":"Submit","search-label":"Search","toggle-section":"Toggle section","toggle-sidebar":"Toggle sidebar navigation","toggle-dark-mode":"Toggle dark mode","toggle-reader-mode":"Toggle reader mode","toggle-navigation":"Toggle navigation","crossref-fig-title":"Figure","crossref-tbl-title":"Table","crossref-lst-title":"Listing","crossref-thm-title":"Theorem","crossref-lem-title":"Lemma","crossref-cor-title":"Corollary","crossref-prp-title":"Proposition","crossref-cnj-title":"Conjecture","crossref-def-title":"Definition","crossref-exm-title":"Example","crossref-exr-title":"Exercise","crossref-ch-prefix":"Chapter","crossref-apx-prefix":"Appendix","crossref-sec-prefix":"Section","crossref-eq-prefix":"Equation","crossref-lof-title":"List of Figures","crossref-lot-title":"List of Tables","crossref-lol-title":"List of Listings","environment-proof-title":"Proof","environment-remark-title":"Remark","environment-solution-title":"Solution","listing-page-order-by":"Order By","listing-page-order-by-default":"Default","listing-page-order-by-date-asc":"Oldest","listing-page-order-by-date-desc":"Newest","listing-page-order-by-number-desc":"High to Low","listing-page-order-by-number-asc":"Low to High","listing-page-field-date":"Date","listing-page-field-title":"Title","listing-page-field-description":"Description","listing-page-field-author":"Author","listing-page-field-filename":"File Name","listing-page-field-filemodified":"Modified","listing-page-field-subtitle":"Subtitle","listing-page-field-readingtime":"Reading Time","listing-page-field-wordcount":"Word Count","listing-page-field-categories":"Categories","listing-page-minutes-compact":"{0} min","listing-page-category-all":"All","listing-page-no-matches":"No matching items","listing-page-words":"{0} words"},"metadata":{"lang":"en","fig-responsive":true,"quarto-version":"1.4.553","editor":"visual","theme":"cosmo","linestretch":1.5,"toc-location":"right","toc-title":"Содержание","mainfont":"monospace"},"extensions":{"book":{"multiFile":true}}}},"projectFormats":["html"]}