{"title":"Гвидо Каталано","markdown":{"headingText":"Гвидо Каталано","containsRefs":false,"markdown":"\nГвидо Каталано (Guido Catalano) родился и всегда жил в Турине, городе, к которому сильно привязан. Писать он начал еще в школьные годы. Он посещал классическую среднюю школу, в 17 лет он был фронтменом сумасшедшей рок-группы Pikkia Froid, для которой писал тексты. Когда группа распалась, он начал читать тексты песен и обнаружил, что они «напоминают стихи». После окончания средней школы он поступил в университет на факультет современной литературы. Прежде чем стать профессиональным поэтом, он брал на себя самую разную работу: корректор в издательстве Эйнауди, швейцар в доме, художник-зарисовщик. В 2000 году опубликовал свой первый сборник “I canni hanno sempre ragioni” («Собаки всегда правы»); в 2005 году он открыл свой блог, который разбогател вместе с социальными сетями, чтениями и поэтическими слэмами. В 2016 году он опубликовал свой первый роман «D’amore si mori ma io no» (Ты умираешь от любви, а я нет) , частично автобиографический. Ниже представлены мои переводы его стихов из сборника “Piuttosto che morire m’ammazo, Mondadori, 2024 (“Скорее я убью себя, чем умру”).\n\n\\\n**Ты знала всё**\n\nЯ помню,\\\nчто твоя любимая пицца — с ветчиной и грибами, но без грибов.\\\n«Почему бы тебе не съесть её просто с ветчиной?» я спрашивал тебя каждый раз.\\\n«Почему ты не занимаешься своими делами?» ты отвечала мне\\\nи улыбалась.\\\n\\\nЯ помню,\\\nчто мы встретились весной,\\\nты любила стрелять в голубей из своей забавной пневматической винтовки.\\\n«Попробуй!» ты сказала мне,\\\nА я сказал: «нет, для меня это слишком».\\\n\\\nЯ влюбился в тебя\\\nеще и потому, что\\\nв разговоре ты могла вставлять маленькие подсознательные фразы\\\nв середину любого предложения,\\\nтипа:\\\n«Этим летом я хотела бы пойти на курсы стрельбы из лука, моя подруга начала их посещать, ты красивый,\\\nи она говорит, что ей очень весело»\\\nили:\\\n«Вчера отвезла машину к электрику, ты устроил мне чертовский секс,\\\nон взял с меня сто пятьдесят евро за два отсоединенных проводкa»\\\n\\\nа может быть это была\\\nтвоя безусловная любовь к пластилину,\\\nмы могли играть с ним часами\\\nв тишине\\\nголые, прямо\\\nна паркете твоего дома\\\n\\\n«Я хотела бы жить с тобой в пластилиновом доме» — ты сказала мне.\\\n«И слепить малышей из пластилина?» спросил я тебя,\\\n«да, — ответила ты, — и готовить вкусные блюда из пластилина»\\\n\\\nты никогда не повышала голос,\\\nты очень хорошо умела ненавидеть глазами,\\\nу тебя была очень белая кожа в веснушках,\\\nмы и встретились весной.\\\n\\\n«Пока ты меня любишь, ты никогда не напишешь обо мне», — сказала ты.\\\n«А вот и напишу», - сказал я.\\\n«Вот увидишь» сказала ты\\\nи улыбнулась,\\\n\\\nи, как всегда, была права,\\\nты знала всё.**\\\n**\n\n### **Три смерти**\n\n**человек, который умер от изумления**\n\nчеловек, который умер от изумления,\\\nнезадолго до смерти от изумления\\\nнаходился в комнате с двумя дверями,\\\nодной открытой,\\\nа другой закрытой,\\\nоткрытая была та, через которую он вошел,\\\nзакрытая же была та, которая открылась позже,\\\nи когда он открыл её, он увидел то, что сразило его намертво.\\\n\\\nэто была ошеломляющая вещь,\\\nнастолько ошеломляющая, что мужчина был так сильно поражен\\\nневероятным изумлением, что, как указано в заголовке \\\n(мы полагаем - возможно, ошибочно),\\\nот изумления умер.\\\n\\\nно по какой такой причине мы не можем сказать,\\\nчто было такого изумляющего, что привело человека к катастрофе,\\\nи даже если бы мы это раскрыли, объяснение потерялось бы из-за\\\nатмосферы загадочности, несомненно присутствующей\\\nв этом кратком описании.\\\n\\\nвот единственная подсказка, которую, по совести говоря, мы хотим дать - просто в комнате не было:\\\nничего голого\\\nничего мертвого\\\nничего мягкого\\\nничего синего.\n\n**\\\nчеловек, умерший из-за кретина**\n\nне как кретин,\\\nв том смысле, что у него не было идиотской смерти,\\\nно по какой-то неясной причине\\\nвсе, абсолютно все,\\\nпостоянно называли его кретином\\\n\\\nон встал утром,\\\n«кретин» сказала ему жена,\\\nон почистил зубы,\\\n«кретин», сказала ему дочурка,\\\nон пошел в бар,\\\n«кретин», - обратился к нему бармен,\\\nподавая ему капучино,\\\nпришёл на работу и все, от вахтёра до офис-менеджера,\\\nобзывали его \"кретином\",\\\nкак будто шёл кретинский дождь,\\\nей богу.\\\n\\\nчеловек, умерший из-за кретина,\\\nумер из-за кретина одним зимним вечером,\\\nпоследнего \"кретина\" выдал ему\\\nдвадцатисемилетний служащий заправочной станции,\\\nчеловек, умерший из-за кретина,\\\nрухнул на руль\\\nи умер\\\nот разрыва сердца,\\\nмы этому верим?\\\nда, верим.\n\n\\\n**человек, умерший от сицилийской кассаты**[^каталано-1]**\\\n\\\n**из трех смертей, составляющих этот смертельный триптих,\\\nэта самая простая и объяснимая.\\\n\\\nчеловек, умерший от сицилийской кассаты,\\\nумер после того, как съел девять кило сицилийской кассаты\\\nменее чем за два часа,\\\nмы не знаем, почему он это сделал,\\\nно мы знаем, благодаря надежному свидетелю,\\\nчто его последними словами были:\\\n«в любом случае, что бы вы ни думали, я наконец полностью оценил её вкус».\n\n[^каталано-1]: *сицилийская кассата – действительно очень вкусный традиционный сицилийский пасхальный сладкий пирог с риккотой, фруктами, марципанами, фисташками и шоколадом*\n\n*\\\n***SBR**[^каталано-2]\n\n[^каталано-2]: \"SBR\" - сокрашение означяюшее \"вкус поцелуя девушки\" (Sapore di Bacio di Ragazzа).\n\nчто мне нравится,**\\\n**так это вкус поцелуя молодой девушки,\\\nпочти всегда вкус поцелуя молодой девушки -\\\nэто одна из самых прекрасных вещей,\\\nвкус поцелуя молодой девушки\\\nсделан из тумана и цветка,\\\nя не знаю, какого цветка,\\\nможет быть, этого цветка и вовсе не существует,\\\nон, поцелуй, влажный, мягкий и сладкий,\\\nон - дикий,\\\nда,\\\nесть что-то дикое, туманное и сладкое\\\nво вкусе поцелуя молодой девушки,\\\nа еще есть аромат духов,\\\nи конфетный аромат,\\\nно не конфет, которые продаются в кондитерской,\\\nэто аромат конфет, который ты можешь найти\\\nтолько на губах целующей девушки,\\\nтебе придется закрыть глаза,\\\nчтобы хорошо распознать\\\nвкус девичьего поцелуя,\\\nты должен закрыть глаза\\\nи ты почувствуешь его,\\\nвкус девичьего поцелуя не похож на вкус ни мёда,\\\nни сахара, ни молока,\\\nесли что-нибудь из фруктов, то это\\\nфрукт, состоящий сразу из множества фруктов,\\\nфрукт,\\\nкоторый тебе не найти на рынке\\\n\\\nвиноград? - спрашивал бы тебя зеленщик,\\\nгранат? - спрашивал бы он тебя,\\\nяблоко?\\\nнет, фрукт на вкус, как поцелуй молодой девушки,\\\nно фрукт, который ты, зеленщик, не можешь найти,\\\nвкус девичьего поцелуя,\\\nон и потом остается на губах,\\\nдаже спустя много минут,\\\nдаже спустя много часов,\\\nдней, если тебе повезёт,\\\nвкус девичьего поцелуя,\\\nон тебе никогда не надоест,\\\nлучшего вкуса нет на свете\n\n**Без названия**\n\nдерево смотрит на меня и\\\nсмеётся,\\\nрека смотрит на меня и\\\nсмеётся,\\\nнебо смеётся, глядя на меня,\\\nа ещё гора\\\nи лошадь,\\\nони смеются,\\\n\\\nприслоняюсь к стене -\\\nона смеётся,\\\nвилка смеётся, когда я накручиваю на нее спагетти,\\\nи даже спагетти смеётся,\\\n\\\nя смотрю на солнце,\\\nсолнце смеётся и облака смеются,\\\nптицы смеются,\\\nхлеб смеётся, когда я отламываю кусок,\\\n\\\nсмеётся бездомная собака,\\\nсмеётся собака на поводке,\\\nсмеётся охотничья собака,\\\nкот смеётся, когда я глажу ему спину,\\\n\\\nя завязываю шнурок и тот смеётся,\\\nсмеётся туфля,\\\nсигарета смеётся, когда я зажигаю её спичкой,\\\nи спичка тоже смеётся,\\\nмои очки смеются,\\\nмои зубы смеются, пока я их чищу,\\\nзеркало смеётся, когда я смотрю в него,\\\nтвои глаза смеются,\\\n\\\nулица смотрит на меня,\\\nсмеётся,\\\nсветофор смотрит на меня,\\\nсмеётся,\\\nсмеётся по ночам, глядя на меня,\\\nтоска\\\nи стакан,\\\nон тоже смеётся,\\\n\\\nя не смеюсь.\\\n\n**Волшебное стихотворение, чтобы заставить тебя снова развеселиться**\n\nЭто стихотворение волшебное,\\\nоно не логичное стихотворение.\\\nПрочитай его, стоя только на одной ноге,\\\nправой,\\\nудерживая страничку левой рукой,\\\nнадев синюю шляпу,\\\nможно и красную,\\\nоднако желтого цвета избегай,\\\nно если у тебя есть только желтые шляпы,\\\nони тоже отлично подойдут\\\n\\\nЭто волшебное стихотворение,\\\nего следует читать вслух\\\nочень громко, если можешь,\\\nкричи его,\\\nстоя на одной ноге,\\\nпо возможности, с кошкой на плече.\\\nЕсли у тебя есть собака,\\\nскажи ей, чтобы притворилась кошкой.\\\nОна тебя любит и для тебя это сделает,\\\nпоэтому тебе придется иметь  на голове шляпу,\\\nцвет по твоему выбору,\\\nкошку на плече\\\nили собаку, которая притворяется кошкой.\\\nЕсли твоя собака страдает ожирением,\\\nподожди, приспособь её к шее.\\\n\\\nТебе понадобится свежее, не жареное, но сваренное не вкрутую, а всмятку, яйцо.\\\nЕсли тебе не нравится всмятку, то можно и вкрутую,\\\nимей в виду, что кошки не любят яичницу,\\\nсобаки, которые притворяются кошками, тоже могут помочь,\\\nно если ты не выносишь даже мысли стоять на одной ноге\\\nс цветной шляпой на голове\\\nи котом на плече\\\nили с фальшивой кошко-собакой, свернувшейся калачиком у тебя на шее,\\\nбез яичницы в правой руке,\\\nиди за жареной едой.\\\n\\\nЭто волшебное стихотворение, которое снова сделает тебя счастливой,\\\nтак что тебе должно быть удобно,\\\nпока ты очень громко его читаешь\\\nв центре комнаты.\\\nВажно, чтобы ты находилась в комнате,\\\nне на открытом воздухе,\\\nпоскольку, если люди увидят тебя\\\nгромко читающей это стихотворение\\\nпосреди улицы\\\nс кошкой на плече\\\nили собакой, притворяющейся кошкой, свернувшейся у тебя на шее,\\\nс цветной шляпой на, возможно, зеленой голове,\\\nна одной ноге,\\\nс жареным яйцом в правой руке...\\\nн-да...\\\nТы тоже пойми, девочка, сегодня проснувшаяся грустной,\\\nчто твой день\\\nможет иметь не очень веселое развитие,\\\nтипа: сначала принудительное лечение,\\\nпотом я должен  приехать и забрать тебя из сумасшедшего дома,\\\nне говоря уже о собаке в питомнике\\\nи кошке под машиной,\\\nи это совсем\\\nне то,\\\nчего\\\nнам хотелось бы\\\n\\\nНам хотелось бы, чтобы ты улыбалась\\\nпрямо сейчас,\\\nэто стихотворение волшебное,\\\nвот для чего оно нужно\\\n\\\nи знаешь, оно ведь\\\nможет это сделать.\\\n\\\n**Иду, иду**\n\nНочью мне не уснуть, я смотрю, как ты спишь,\\\nи думаю, какой я везучий, ведь дано же мне,\\\nчтобы ты лежала в постели, такая белая,\\\nголая, пахнущая фруктами, хлебом и мылом,\\\nс черными волосами, которые, если я придвигаюсь,\\\nщекочут мне нос, а волосы твои тоже\\\nтак замечательно пахнут.\\\nИ пока спишь, ты говоришь во сне,\\\nно я не понимаю, что тебе снится, потому что\\\nшепчешь ты на языке лесных эльфов.\\\nЯ смотрю на тебя, свернувшуюся калачиком в постели.\\\nМне кажется, ты видишь хороший сон,\\\nесли он станет хуже, я разбужу тебя поцелуями,\\\nне волнуйся, я караулю тебя и спать не хочу,\\\nмне так нравится смотреть на тебя между этими\\\nкрасными простынями, контрастирующими\\\nс твоим белым обнаженным телом ночью в постели.\\\nА вот и свет,\\\nсвет начинающегося дня,\\\nсвет и птицы,\\\nптицы, что воспевают день приходящий,\\\nи прощаются с уходящей ночью.\\\nРанним утром день входит в нашу постель,\\\nосвещая нас своим светом,\\\nослепляя меня\\\nбелизной твоей кожи.\\\nВо сне ты переворачиваешься.\\\nКраями губ я легко касаюсь кончика твоего носа\\\nи тихо тихо встаю,\\\nтихо тихо иду,\\\nиду, прихожу на кухню\\\nи варю нам\\\nкофе.\n\n\\\n**14 минут**\n\nкогда солнце погаснет\\\nвнезапно\\\nнам понадобится 8 минут, чтобы это заметить\\\n\\\nэто напоминает мне о том, как ты\\\nтогда посмотрела мне в лицо\\\nи сказала «знай, я тебя больше не люблю»\\\n\\\nмне потребовалось 14 минут, чтобы это понять\\\nпрошло 13 минут 59 секунд\\\nпрежде чем наступила темнота\\\nи холод\\\n\\\nзначит к этому моменту\\\nты была уже дальше, чем солнце\\\n\\\nнепонятно, как мне выжить\\\nнепонятно, как тебя снова\\\nразжечь\\\n\\\nследовало бы спросить Маргариту Хак[^каталано-3]\\\nно у нее, скорее всего, есть дела поважнее.\\\n\n[^каталано-3]: Маргаритa Хак - Знаменитaя итальянскaя астрофизик.\n\n**диалог между женщиной и мужчиной недостижимой печали с безнадежным финалом\\\n\\\n**– когда ты перестал?\\\n- перестал что?\\\n- любить меня\\\n– я никогда не любил тебя\\\n– когда ты это заметил?\\\n- заметил что?\\\n– что ты никогда не любил меня\\\n- в первый же раз, когда мы спали вместе\\\n– ночью?\\\n- нет, когда ты проснулась\\\n– это очень печально\\\n- да, правда\\\n– ты можешь представить себе что-нибудь более печальное?\\\n- честно говоря, могу, но признаю, что и это очень печально,\\\nи Рождество,\\\nи то что я допил Маaлокс[^каталано-4]\\\n– извини, я не поняла\\\n- ничего, я разговаривал сам с собой\\\n– а что теперь?\\\n- ну, я бы сказал, теперь каждый сам за себя, а Бог за всех\\\n– это всегда так заканчивается?\\\n- не знаю, хочешь амаретто?\\\n– я ведь не буду тебя ждать\\\n- я знаю\\\n- ты плачешь?\\\n– нет, аллергический конъюнктивит\\\n– как ты можешь быть таким бесчувственным?\\\n– просто в детстве я упал в бочку, полную волшебного супа бесчувствия\\\n- ты всегда заставляешь меня смеяться\\\n- я рад\\\n– тогда до свидания?\\\n- тогда пока\n\n[^каталано-4]: Mаaлокс – средство от изжоги.\n\n**Любовный контракт\\\n**\\\nКак и договорились я разлюбил тебя и\\\nсогласно контракту начиная с сегодняшнего дня\\\nя больше не буду мечтать о тебе\\\nя больше не буду думать о тебе вздыхая под луной\\\nа луна, в свою очередь перестанет смеяться надо мной.\\\nЯ не буду мучить бедные беззащитные ромашки\\\nсрывая их мягкие белые лепестки\\\nя не буду просто гулять по городу\\\nбоясь и надеясь случайно встретить тебя\\\nвозвращаясь к местам наших первых поцелуев.\\\nСогласно нашему договору\\\nя буду добр и спокоен\\\nя улыбнусь, когда кто-нибудь расскажет мне о тебе\\\nи не буду покушаться на жизнь отъявленных ублюдков\\\nкоторые уже начали за тобой ухаживать.\\\nСогласно договоренности\\\nя обязуюсь, подчиняясь действующим правилам\\\nперестать писать тебе стихи о любви\\\nили хотя бы уменьшить\\\nих поток, становящийся опасным.\\\nКроме того я перестану желать\\\nтвое тело, мягкое и ароматное.\\\nНаконец, я клянусь, что буду твоим другом\\\nмудрым и верным, как говорится\\\nвроде собаки\\\nты увидишь, что у меня это получится.\\\n\\\nЯ только прошу тебя\\\nне верь ни одному слову\\\nиз того, что ты только что прочитала.\\\n\\\n**Светлая\\\n** *\\\n*Она любила спать допоздна\\\nей нравились стихи о любви\\\nособенно поэтов девятнадцатого века\\\nумерших молодыми, возможно\\\nиз-за болезни легких\\\nа еще хрустящая еда\\\nкладбища\\\nустрицы\\\nкороткие платья\\\nмоя борода\\\nмой живот\\\nизготовление сигарет вручную\\\nа когда я спросил её:\\\nхочешь быть моей маленькой рыжеволосой девочкой?\\\nона ответила:\\\nсначала мне нужно покраситься в рыжий цвет, а потом\\\nтебе нужно стать более застенчивым со мной.\\\nА что, я не кажусь тебе достаточно застенчивым?\\\nспросил я,\\\nсовсем не кажешься,\\\nно ведь у меня круглая голова, сказал я,\\\nправда, признала она, но тебе не хватает бешенной собаки.\\\nМы много болтали\\\nособенно в ночное время.\\\nОна терпеть не могла сахара в кофе и\\\nотсутствия доброты в людях\\\nона всегда хотела играть в настольный футбол\\\nхотя играла очень плохо и сердилась на меня.\\\nОна говорила, что я ей нравлюсь, потому что я забавный парень.\\\nЯ притворялся злым, но был счастлив.\\\nОна любила спать допоздна\\\nей нравились стихи о любви\\\nособенно, когда в стихах говорилось о ней.\\\n\\\n\\\n","srcMarkdownNoYaml":""},"formats":{"html":{"identifier":{"display-name":"HTML","target-format":"html","base-format":"html"},"execute":{"fig-width":7,"fig-height":5,"fig-format":"retina","fig-dpi":96,"df-print":"default","error":false,"eval":true,"cache":null,"freeze":false,"echo":true,"output":true,"warning":true,"include":true,"keep-md":false,"keep-ipynb":false,"ipynb":null,"enabled":null,"daemon":null,"daemon-restart":false,"debug":false,"ipynb-filters":[],"ipynb-shell-interactivity":null,"plotly-connected":true,"engine":"markdown"},"render":{"keep-tex":false,"keep-typ":false,"keep-source":false,"keep-hidden":false,"prefer-html":false,"output-divs":true,"output-ext":"html","fig-align":"default","fig-pos":null,"fig-env":null,"code-fold":"none","code-overflow":"scroll","code-link":false,"code-line-numbers":false,"code-tools":false,"tbl-colwidths":"auto","merge-includes":true,"inline-includes":false,"preserve-yaml":false,"latex-auto-mk":true,"latex-auto-install":true,"latex-clean":true,"latex-min-runs":1,"latex-max-runs":10,"latex-makeindex":"makeindex","latex-makeindex-opts":[],"latex-tlmgr-opts":[],"latex-input-paths":[],"latex-output-dir":null,"link-external-icon":false,"link-external-newwindow":false,"self-contained-math":false,"format-resources":[],"notebook-links":true},"pandoc":{"standalone":true,"wrap":"none","default-image-extension":"png","to":"html","number-sections":false,"toc":true,"output-file":"Каталано.html"},"language":{"toc-title-document":"Table of contents","toc-title-website":"On this page","related-formats-title":"Other Formats","related-notebooks-title":"Notebooks","source-notebooks-prefix":"Source","other-links-title":"Other Links","code-links-title":"Code Links","launch-dev-container-title":"Launch Dev Container","launch-binder-title":"Launch Binder","article-notebook-label":"Article Notebook","notebook-preview-download":"Download Notebook","notebook-preview-download-src":"Download Source","notebook-preview-back":"Back to Article","manuscript-meca-bundle":"MECA Bundle","section-title-abstract":"Abstract","section-title-appendices":"Appendices","section-title-footnotes":"Footnotes","section-title-references":"References","section-title-reuse":"Reuse","section-title-copyright":"Copyright","section-title-citation":"Citation","appendix-attribution-cite-as":"For attribution, please cite this work as:","appendix-attribution-bibtex":"BibTeX citation:","title-block-author-single":"Author","title-block-author-plural":"Authors","title-block-affiliation-single":"Affiliation","title-block-affiliation-plural":"Affiliations","title-block-published":"Published","title-block-modified":"Modified","title-block-keywords":"Keywords","callout-tip-title":"Tip","callout-note-title":"Note","callout-warning-title":"Warning","callout-important-title":"Important","callout-caution-title":"Caution","code-summary":"Code","code-tools-menu-caption":"Code","code-tools-show-all-code":"Show All Code","code-tools-hide-all-code":"Hide All Code","code-tools-view-source":"View Source","code-tools-source-code":"Source Code","tools-share":"Share","tools-download":"Download","code-line":"Line","code-lines":"Lines","copy-button-tooltip":"Copy to Clipboard","copy-button-tooltip-success":"Copied!","repo-action-links-edit":"Edit this page","repo-action-links-source":"View source","repo-action-links-issue":"Report an issue","back-to-top":"Back to top","search-no-results-text":"No results","search-matching-documents-text":"matching documents","search-copy-link-title":"Copy link to search","search-hide-matches-text":"Hide additional matches","search-more-match-text":"more match in this document","search-more-matches-text":"more matches in this document","search-clear-button-title":"Clear","search-text-placeholder":"","search-detached-cancel-button-title":"Cancel","search-submit-button-title":"Submit","search-label":"Search","toggle-section":"Toggle section","toggle-sidebar":"Toggle sidebar navigation","toggle-dark-mode":"Toggle dark mode","toggle-reader-mode":"Toggle reader mode","toggle-navigation":"Toggle navigation","crossref-fig-title":"Figure","crossref-tbl-title":"Table","crossref-lst-title":"Listing","crossref-thm-title":"Theorem","crossref-lem-title":"Lemma","crossref-cor-title":"Corollary","crossref-prp-title":"Proposition","crossref-cnj-title":"Conjecture","crossref-def-title":"Definition","crossref-exm-title":"Example","crossref-exr-title":"Exercise","crossref-ch-prefix":"Chapter","crossref-apx-prefix":"Appendix","crossref-sec-prefix":"Section","crossref-eq-prefix":"Equation","crossref-lof-title":"List of Figures","crossref-lot-title":"List of Tables","crossref-lol-title":"List of Listings","environment-proof-title":"Proof","environment-remark-title":"Remark","environment-solution-title":"Solution","listing-page-order-by":"Order By","listing-page-order-by-default":"Default","listing-page-order-by-date-asc":"Oldest","listing-page-order-by-date-desc":"Newest","listing-page-order-by-number-desc":"High to Low","listing-page-order-by-number-asc":"Low to High","listing-page-field-date":"Date","listing-page-field-title":"Title","listing-page-field-description":"Description","listing-page-field-author":"Author","listing-page-field-filename":"File Name","listing-page-field-filemodified":"Modified","listing-page-field-subtitle":"Subtitle","listing-page-field-readingtime":"Reading Time","listing-page-field-wordcount":"Word Count","listing-page-field-categories":"Categories","listing-page-minutes-compact":"{0} min","listing-page-category-all":"All","listing-page-no-matches":"No matching items","listing-page-words":"{0} words"},"metadata":{"lang":"en","fig-responsive":true,"quarto-version":"1.4.553","editor":"visual","theme":"cosmo","linestretch":1.5,"toc-location":"right","toc-title":"Содержание","mainfont":"monospace"},"extensions":{"book":{"multiFile":true}}}},"projectFormats":["html"]}