{"title":"Джузеппе Конте","markdown":{"headingText":"Джузеппе Конте","containsRefs":false,"markdown":"\n> Джузеппе Конте живет в Сан-Ремо. Автор многочисленных сборников стихов, эссе и романов, посвященных природе, эросу и мифам. Ниже приведены переводы его стихов из сборника “L’Oceano e il Ragazzo”, 2002 (Океан и мальчик).**\\\n> **\\\n> (1945)\n\n**Этрусские животные**\n\nОни входят в смерть сухо улыбаясь,\\\nс собранными сзади и спущенными\\\nнабок волосами, приготовившиеся\\\nуйти не вспоминая, руки падают\\\nу них как чужие; многие держат\\\nзеркало, от себя справа.\\\nони входят туда, где больше не умирают.\\\nПройдя сквозь темную глубину выплывают\\\nнаверх и мчатся по морю на летающих\\\nдельфинах, на драконах, на квадригах\\\nгрифòнов.\\\nТо что вы видите — рассыпаные\\\nвокруг чèрепа листья, кору, мусор -\\\nне было «человеком».\\\nБыла безымянная радость, легкость\\\nкамня, крыльев, солнца.\\\n\nГрифòн с клювом орла, с телом изящным,\\\nскорее собачьим чем конским,\\\nпожирает нежное мясо оленя,\\\nупавшего на спину, выгнутую дугою,\\\nноги его словно палки торчат -\\\nупал, но не плачет.\\\nУ молчащего дерева бег свой закончил\\\nолень, а каждое дерево лèсу начало\\\nдает, потому будут еще у оленя\\\nзолотые акации, будут и утра.\\\nУ грифòна пустые глаза и твердые крылья -\\\nбродяга, а как каменный нынче застыл -\\\nнет в нем ни ненависти, ни желаний,\\\nи почему, сам не знает,\\\nстрасть убивать в нем неизбывна.\n\n**Метаморфозы любви**\n\n*Хотя они тонут в море, они воскреснут снова;\\\nхотя влюбленные пропадут, любовь не погибнет.\\\n(Дилан Томас, «И смерть не будет иметь власти»)*\n\nОкрестили меня Джузеппе, но\\\nтеперь у меня больше нет имени:\\\nя - ящерицы и пчелы, я - камни и мимозы,\\\nя - море: меня ты не сможешь больше узнать,\\\nбольше не сможешь сказать мне: любимый.\\\nМы сможем летать вместе с солнечными роями\\\nиз чужих и соседских ульев, крошиться\\\nна скалистых пляжах среди крутых оползней,\\\nдвумя раковинами лежать в тишине\\\nна дне морском.\n\n**Акт обожания молодежи**\n\nТы верил, что уйдёшь, юноша,\\\nкак гость неблагодарный,\\\nчто не попрощавшись выходит из дома,\\\nкак иней, исчезающий с горного луга,\\\nкак проходящее утро.\\\nВместо этого ты все еще рядом со мной.\\\nТы верил, что ты умный, мучая меня и\\\nпричиняя мне столько боли\\\nсвоей мутной неврастенией,\\\nсвоим неудовлетворенным желанием,\\\nсвоей девственной застенчивостью,\\\nвсегда заставлявшей меня кривить рот.\\\nНо ты все еще здесь, несмотря на\\\nволосы, волосы, которые увядают,\\\nногти, которые слоятся и выпадают,\\\nкости, которые сопротивляются,\\\nтебе хочется остаться со мной опять.\\\nОливковая ветвь, стебель мака\\\nты тайна, душа, сюрприз,\\\nты блуждающая, обманчивая красота\\\nплощадей неизвестного города, по которым я\\\nторопливо бесцельно бродил на рассвете.\\\nТы думал, что уходишь, но я\\\nслишком хорошо принимаю тебя в своем сердце,\\\nсвирепый мальчик, которого ничто не приручило,\\\nкоторый слишком хорошо знает мою ласку\\\nи как феникс возрождается из моего пепла.\\\nОставайся же здесь, чтобы я почитал тебя.\\\n\\\n**Однажды, если кто-то прочитает меня**\n\nОднажды, если кто-то прочитает меня в\\\nтретьем тысячелетии, то узнает, что и тогда были\\\nдеревья и были желания, были пальмы и были сосны,\\\nбыли эвкалипты с листьями, как четвертинки луны,\\\nи были розы, были те, кто не хотел больше страдать, и те, кто\\\nхотел любить всё на свете, а еще были те, кто сами себе\\\nв подарок подносили стихи - далекие и жестокие,\\\nпростые и слабые.\n","srcMarkdownNoYaml":""},"formats":{"html":{"identifier":{"display-name":"HTML","target-format":"html","base-format":"html"},"execute":{"fig-width":7,"fig-height":5,"fig-format":"retina","fig-dpi":96,"df-print":"default","error":false,"eval":true,"cache":null,"freeze":false,"echo":true,"output":true,"warning":true,"include":true,"keep-md":false,"keep-ipynb":false,"ipynb":null,"enabled":null,"daemon":null,"daemon-restart":false,"debug":false,"ipynb-filters":[],"ipynb-shell-interactivity":null,"plotly-connected":true,"engine":"markdown"},"render":{"keep-tex":false,"keep-typ":false,"keep-source":false,"keep-hidden":false,"prefer-html":false,"output-divs":true,"output-ext":"html","fig-align":"default","fig-pos":null,"fig-env":null,"code-fold":"none","code-overflow":"scroll","code-link":false,"code-line-numbers":false,"code-tools":false,"tbl-colwidths":"auto","merge-includes":true,"inline-includes":false,"preserve-yaml":false,"latex-auto-mk":true,"latex-auto-install":true,"latex-clean":true,"latex-min-runs":1,"latex-max-runs":10,"latex-makeindex":"makeindex","latex-makeindex-opts":[],"latex-tlmgr-opts":[],"latex-input-paths":[],"latex-output-dir":null,"link-external-icon":false,"link-external-newwindow":false,"self-contained-math":false,"format-resources":[],"notebook-links":true},"pandoc":{"standalone":true,"wrap":"none","default-image-extension":"png","to":"html","number-sections":false,"toc":true,"output-file":"Конте.html"},"language":{"toc-title-document":"Table of contents","toc-title-website":"On this page","related-formats-title":"Other Formats","related-notebooks-title":"Notebooks","source-notebooks-prefix":"Source","other-links-title":"Other Links","code-links-title":"Code Links","launch-dev-container-title":"Launch Dev Container","launch-binder-title":"Launch Binder","article-notebook-label":"Article Notebook","notebook-preview-download":"Download Notebook","notebook-preview-download-src":"Download Source","notebook-preview-back":"Back to Article","manuscript-meca-bundle":"MECA Bundle","section-title-abstract":"Abstract","section-title-appendices":"Appendices","section-title-footnotes":"Footnotes","section-title-references":"References","section-title-reuse":"Reuse","section-title-copyright":"Copyright","section-title-citation":"Citation","appendix-attribution-cite-as":"For attribution, please cite this work as:","appendix-attribution-bibtex":"BibTeX citation:","title-block-author-single":"Author","title-block-author-plural":"Authors","title-block-affiliation-single":"Affiliation","title-block-affiliation-plural":"Affiliations","title-block-published":"Published","title-block-modified":"Modified","title-block-keywords":"Keywords","callout-tip-title":"Tip","callout-note-title":"Note","callout-warning-title":"Warning","callout-important-title":"Important","callout-caution-title":"Caution","code-summary":"Code","code-tools-menu-caption":"Code","code-tools-show-all-code":"Show All Code","code-tools-hide-all-code":"Hide All Code","code-tools-view-source":"View Source","code-tools-source-code":"Source Code","tools-share":"Share","tools-download":"Download","code-line":"Line","code-lines":"Lines","copy-button-tooltip":"Copy to Clipboard","copy-button-tooltip-success":"Copied!","repo-action-links-edit":"Edit this page","repo-action-links-source":"View source","repo-action-links-issue":"Report an issue","back-to-top":"Back to top","search-no-results-text":"No results","search-matching-documents-text":"matching documents","search-copy-link-title":"Copy link to search","search-hide-matches-text":"Hide additional matches","search-more-match-text":"more match in this document","search-more-matches-text":"more matches in this document","search-clear-button-title":"Clear","search-text-placeholder":"","search-detached-cancel-button-title":"Cancel","search-submit-button-title":"Submit","search-label":"Search","toggle-section":"Toggle section","toggle-sidebar":"Toggle sidebar navigation","toggle-dark-mode":"Toggle dark mode","toggle-reader-mode":"Toggle reader mode","toggle-navigation":"Toggle navigation","crossref-fig-title":"Figure","crossref-tbl-title":"Table","crossref-lst-title":"Listing","crossref-thm-title":"Theorem","crossref-lem-title":"Lemma","crossref-cor-title":"Corollary","crossref-prp-title":"Proposition","crossref-cnj-title":"Conjecture","crossref-def-title":"Definition","crossref-exm-title":"Example","crossref-exr-title":"Exercise","crossref-ch-prefix":"Chapter","crossref-apx-prefix":"Appendix","crossref-sec-prefix":"Section","crossref-eq-prefix":"Equation","crossref-lof-title":"List of Figures","crossref-lot-title":"List of Tables","crossref-lol-title":"List of Listings","environment-proof-title":"Proof","environment-remark-title":"Remark","environment-solution-title":"Solution","listing-page-order-by":"Order By","listing-page-order-by-default":"Default","listing-page-order-by-date-asc":"Oldest","listing-page-order-by-date-desc":"Newest","listing-page-order-by-number-desc":"High to Low","listing-page-order-by-number-asc":"Low to High","listing-page-field-date":"Date","listing-page-field-title":"Title","listing-page-field-description":"Description","listing-page-field-author":"Author","listing-page-field-filename":"File Name","listing-page-field-filemodified":"Modified","listing-page-field-subtitle":"Subtitle","listing-page-field-readingtime":"Reading Time","listing-page-field-wordcount":"Word Count","listing-page-field-categories":"Categories","listing-page-minutes-compact":"{0} min","listing-page-category-all":"All","listing-page-no-matches":"No matching items","listing-page-words":"{0} words"},"metadata":{"lang":"en","fig-responsive":true,"quarto-version":"1.4.553","editor":"visual","theme":"cosmo","linestretch":1.5,"toc-location":"right","toc-title":"Содержание","mainfont":"monospace"},"extensions":{"book":{"multiFile":true}}}},"projectFormats":["html"]}