{"title":"Вивиан Ламарк","markdown":{"headingText":"Вивиан Ламарк","containsRefs":false,"markdown":"\n> Вивиан Ламарк (Vivian Lamarque) известнa не только своими стихами, но и сказками для детей. Онa преподавалa итальянский язык иностранцам и литературу в частных лицеях, переводила на итальянский Лафонтена, Валери, Превера, Бодлера. С 1992 года пишет для газеты Вечерний Курьер. Луреат многочисленных премий за ее поэзию и прозу, в том числе очень престижной премии Стрега за ее последний сборник стихов L’amore da vecchia (Любовь Старухи) и премию Джанни Радари за ее сказки.\n>\n> (род. 1946)\n\n**Кондоминиум**\n\nТихо спускаюсь, внизу\\\nна третьем этаже спит мёртвый\\\nсосед. Он вернулся сегодня вечером\\\nиз больницы, его подняли по\\\nлестнице, ему открыли дверь\\\nбез звонка, в последний раз\\\nон использовал глагол “входить”.\\\nОн спал с нами, другими жильцами,\\\nночь казалась нам всем одинаковой,\\\nон спал восемь часов, но потом опять\\\nи опять, и опять после утренней побудки солдат,\\\nпосле того как солнце поднялось высоко в небе,\\\nтеперь, когда мы двигаемся он больше не такой как мы.\\\nЭтот жилец мёртв. Он без ног сойдет по лестнице.\\\nОн был добр, он стоял у окна, у него была канарейка,\\\nу него была своя доля в кондоминиуме,\\\nсмотри, у него пробиваются крылья.\\\n\\\n\n**Кто знает, будет ли со мной мой любимый...**\n\nКто знает, будет ли со мной мой любимый,\\\nкогда я окажусь на грани смерти,\\\nмне бы так хотелось, чтобы да,\\\nчтобы он был совсем рядом со мной,\\\nведь это в последний раз,\\\nи чтобы он говорил мне какие-то трогательные вещи,\\\nнапример, мне так жалко, что ты умираешь.\\\n\\\n\n**Мой любимый, кто знает какие фартучки**\n\nМой любимый, кто знает, какие фартучки\\\nты носил, когда был маленький,\\\nи был ли ты хорошим мальчиком или так себе,\\\nмой любимый, знать бы мне,\\\nкогда ты был маленький, где ты,\\\nтебя бы украла.\\\n\\\n\n**Господин на дне моря**\n\nОдин господин иногда отправлялся на дно моря,\\\nчтобы увидеть множество проплывающих мимо разных рыб.\\\nА рыбы его замечали?\\\nДа, рыбы смотрели на господина даже после того,\\\nкак он выходил из моря, и даже спустя много лет\\\nони его вспоминали.\\\n\\\n\n**Господин в сердце**\\\nОн вошел в ее сердце.\\\nПройдя сквозь глаза и уши\\\nон вошел в её сердце.\\\nИ что он там делал?\\\nЖил.\\\nОн жил в её сердце как дома.\\\n\\\n\n**Господин напротив**\n\nСиньор сидел напротив синьоры, сидевшей напротив него.\\\nОт них справа/слева было окно, от них слева/справа была дверь.\\\nТам не было зеркал, однако в этой комнате\\\nони полностью отражались друг в друге.\\\n\\\n\n**Господин точечка**\n\nНе было у неё возможности всегда его видеть,\\\nи когда она наконец могла смотреть на него,\\\nто смотрела долго долго, до последней минуты,\\\nдо самой последней секунды, и даже после того,\\\nкак он отвернулся, как он отвернулся.\\\nГосподин становился все меньше и меньше, он был\\\nуже почти нераспознаваем, но она его прекрасно узнавала,\\\nдаже в виде крошечной точeчки там внизу.\\\n\\\n\n**Господин спокойной ночи**\n\nИз далёкой постели с самыми лучшими побуждениями\\\nона желала ему спокойной ночи.\\\nБыла ли луна?\\\nО да, и луна, и тысячи звёзд, и ветви деревьев, и\\\nспящие воды, все вместе они желалали ему спокойной ночи.\\\nA слышал ли их господин?\\\nДа, хоть еле-еле и уже засыпая, господин их всё-таки слышал.\\\n\\\n\n**Господин который ушел**\n\nОн был господин, который ушёл.\\\nА ей здесь так его не хватало.\\\nВоздух вокруг неё\\\nбыл полон его следами.\\\nВот так перевешанная картина\\\nстену помечает навечно.\\\n\\\n\n**Снежная дама**\n\nСнег шёл и шёл, и дама очень любила господина.\\\nСнег ложился на город, а любовь дамы ложилась на господина.\\\nДнём и ночью шёл снег, a дама днём и ночью укрывала гоподина своей любовью.\\\nНаполовину занесённые город и господин,\\\nзамученные нескончаемыми снегопадом и любовью,\\\nждали весны.\\\n\\\n\n**Дама в спешке**\n\nНавсегда сталo теперь очень коротким.\\\nСколько осталось рождественских праздников?\\\nГoрстка.\\\nЗначит она не должна была терять ни минуты?\\\nДа, ей нужно было торопиться,\\\nи из-за этого она поспешно его любила.\\\n\\\n\n**По окончании отпуска**\n\nОтпуск заканчивается, из поездa виднo,\\\nкак люди на пляже продолжают играть и купаться,\\\nих отпуск еще не закончен:\\\nтакже ли будет, также ли будет при уходе из жизни?\\\n\\\n\n**Госпожа последнего раза**\n\nКогда он видел ее в последний раз,\\\nон не знал, что видит ее в последний раз.\\\nА почему?\\\nПотому что таких вещей никогда не знаешь.\\\nИ что же, он не был к ней добр в последний раз?\\\nБыл, но на вечность этого не хватает.\\\n\\\n\n**Повелитель сна**\n\nС каждым наступлением ночи она посылала ему мысли,\\\nтак подходившие для часа молчания и поцелуев.\\\nИ эти так подходившие мысли, переползая с крыши на крышу,\\\nдобирались до него, почти охваченного сном,\\\nедва не опоздав, но все-таки вовремя.\\\n\\\n\n**Господин, который не приезжал**\n\nОдна госпожа всегда поджидала у окна\\\nгосподина, который не приезжал.\\\nПочему же она его поджидала?\\\nПотому что она не знала, что господин не приедет,\\\nмы знали, а она нет.\\\n\\\n\n**Господин, у которого не было окна**\n\nГосподин, у которого не было окна, не мог знать какая погода на улице.\\\nЧтобы это узнать ему нужно было открыть дверь и выйти посмотреть.\\\nИли позвонить по телефону одной госпоже и та ему все рассказывала.\\\nКакая сегодня погода?\\\nСегодня идет снег, говорила госпожа господину, у которого не было окна.\\\nСнежинки готовились упасть с неба тысячами, одна за другой.\\\n\\\n\n**Первая моя любовь**\n\nПервая моя любовь, первая моя любовь\\\nих было две разом.\\\nПотому что у него был близнец – очень\\\nна него похожий, и того я любила тоже.\\\nOдинаковые были первые мои любoви,\\\nно один был повеселее, а другой,\\\nрядом с братом, смотрел на меня серьёзней.\\\nВечером у окна я всегда была с этим,\\\nно первая моя любовь, первая моя любовь\\\nих было две разом:\\\nон и его близнец – с ним рядом.\\\n\\\n\n**Для моего жениха**\n\nДля моего жениха\\\nя свяжу шарф,\\\nдлинный-предлинный,\\\nбелый-пребелый.\\\nЯ свяжу шарф\\\nтакой как дорога,\\\nна этой дороге\\\nмы встретимся,\\\nна этой дороге\\\nмы поцелуемся.\\\n\\\n\n**Смотри: спящие животные**\n\nСмотри:\\\nспящие животные,\\\nстали травой,\\\nлуговой травой.\\\nА солнце заметило,\\\nчто некоторых уже нет?\\\nА ты, луна умеешь считать?\\\nТы замечаешь, что общее число\\\nвернувшихся сегодня вечером\\\nдругое?\\\n\\\n\n**Птичьи Домики**\n\nПтичьи домики не портят пейзаж.\\\nОни ничего не весят, у них цвет деревьев\\\nи в них никогда не теряешь из виду ни неба,\\\nни земли, ни того, что меж ними.\\\nВы входите в них без ключей, используя только крылья,\\\nвы отдыхаете в них, закрыв свои глазки,\\\nвы складываете крылья, которые ничего не весят,\\\nвы отдыхаете, чтобы завтра снова начать –\\\nлетать.\\\n\\\n\n**Если на обратной стороне фотографий**\n\nЕсли мы не напишем имена и фамилии\\\nна обратной стороне фотографий,\\\nто уже через два поколения,\\\nэто все превратится в хор,\\\nбесконечный хор людей,\\\nсклоняющихся над фотографиями,\\\nчтобы восклицать: и этот? а это та? а это\\\nребенок? брат? кузен? но чей?\\\nЧерез широко открытые окна\\\nбесконечные эхо от вопрошающих\\\nвосклицаний разнесутся в воздухе —\\\nи этот? а это, может быть, тот? а, может быть,\\\nдальний дядя? дальняя тётя?\\\nНо какой дядя и какая тётя?!\\\nЭто была я, я, я!\\\nЯ - фотография моя!\\\n\\\n\n**Это почти легко**\n\nСочинить стихотворение\\\nэто почти легко,\\\nдостаточно взять листок бумаги\\\nи карандаш,\\\nэто также легко, как для земли сотворить\\\nтравинку или ромашку.\\\n\\\n\n**Эти ракушки**\n\nЭтими ракушками, что я нашла,\\\nстанем мы,\\\nмы приглаженные и успокоившиеся,\\\nуже без разноцветной боли,\\\nнами будут накрывать уши,\\\nчтобы слушать шум моря.\\\n\\\n","srcMarkdownNoYaml":""},"formats":{"html":{"identifier":{"display-name":"HTML","target-format":"html","base-format":"html"},"execute":{"fig-width":7,"fig-height":5,"fig-format":"retina","fig-dpi":96,"df-print":"default","error":false,"eval":true,"cache":null,"freeze":false,"echo":true,"output":true,"warning":true,"include":true,"keep-md":false,"keep-ipynb":false,"ipynb":null,"enabled":null,"daemon":null,"daemon-restart":false,"debug":false,"ipynb-filters":[],"ipynb-shell-interactivity":null,"plotly-connected":true,"engine":"markdown"},"render":{"keep-tex":false,"keep-typ":false,"keep-source":false,"keep-hidden":false,"prefer-html":false,"output-divs":true,"output-ext":"html","fig-align":"default","fig-pos":null,"fig-env":null,"code-fold":"none","code-overflow":"scroll","code-link":false,"code-line-numbers":false,"code-tools":false,"tbl-colwidths":"auto","merge-includes":true,"inline-includes":false,"preserve-yaml":false,"latex-auto-mk":true,"latex-auto-install":true,"latex-clean":true,"latex-min-runs":1,"latex-max-runs":10,"latex-makeindex":"makeindex","latex-makeindex-opts":[],"latex-tlmgr-opts":[],"latex-input-paths":[],"latex-output-dir":null,"link-external-icon":false,"link-external-newwindow":false,"self-contained-math":false,"format-resources":[],"notebook-links":true},"pandoc":{"standalone":true,"wrap":"none","default-image-extension":"png","to":"html","number-sections":false,"toc":true,"output-file":"Ламарк.html"},"language":{"toc-title-document":"Table of contents","toc-title-website":"On this page","related-formats-title":"Other Formats","related-notebooks-title":"Notebooks","source-notebooks-prefix":"Source","other-links-title":"Other Links","code-links-title":"Code Links","launch-dev-container-title":"Launch Dev Container","launch-binder-title":"Launch Binder","article-notebook-label":"Article Notebook","notebook-preview-download":"Download Notebook","notebook-preview-download-src":"Download Source","notebook-preview-back":"Back to Article","manuscript-meca-bundle":"MECA Bundle","section-title-abstract":"Abstract","section-title-appendices":"Appendices","section-title-footnotes":"Footnotes","section-title-references":"References","section-title-reuse":"Reuse","section-title-copyright":"Copyright","section-title-citation":"Citation","appendix-attribution-cite-as":"For attribution, please cite this work as:","appendix-attribution-bibtex":"BibTeX citation:","title-block-author-single":"Author","title-block-author-plural":"Authors","title-block-affiliation-single":"Affiliation","title-block-affiliation-plural":"Affiliations","title-block-published":"Published","title-block-modified":"Modified","title-block-keywords":"Keywords","callout-tip-title":"Tip","callout-note-title":"Note","callout-warning-title":"Warning","callout-important-title":"Important","callout-caution-title":"Caution","code-summary":"Code","code-tools-menu-caption":"Code","code-tools-show-all-code":"Show All Code","code-tools-hide-all-code":"Hide All Code","code-tools-view-source":"View Source","code-tools-source-code":"Source Code","tools-share":"Share","tools-download":"Download","code-line":"Line","code-lines":"Lines","copy-button-tooltip":"Copy to Clipboard","copy-button-tooltip-success":"Copied!","repo-action-links-edit":"Edit this page","repo-action-links-source":"View source","repo-action-links-issue":"Report an issue","back-to-top":"Back to top","search-no-results-text":"No results","search-matching-documents-text":"matching documents","search-copy-link-title":"Copy link to search","search-hide-matches-text":"Hide additional matches","search-more-match-text":"more match in this document","search-more-matches-text":"more matches in this document","search-clear-button-title":"Clear","search-text-placeholder":"","search-detached-cancel-button-title":"Cancel","search-submit-button-title":"Submit","search-label":"Search","toggle-section":"Toggle section","toggle-sidebar":"Toggle sidebar navigation","toggle-dark-mode":"Toggle dark mode","toggle-reader-mode":"Toggle reader mode","toggle-navigation":"Toggle navigation","crossref-fig-title":"Figure","crossref-tbl-title":"Table","crossref-lst-title":"Listing","crossref-thm-title":"Theorem","crossref-lem-title":"Lemma","crossref-cor-title":"Corollary","crossref-prp-title":"Proposition","crossref-cnj-title":"Conjecture","crossref-def-title":"Definition","crossref-exm-title":"Example","crossref-exr-title":"Exercise","crossref-ch-prefix":"Chapter","crossref-apx-prefix":"Appendix","crossref-sec-prefix":"Section","crossref-eq-prefix":"Equation","crossref-lof-title":"List of Figures","crossref-lot-title":"List of Tables","crossref-lol-title":"List of Listings","environment-proof-title":"Proof","environment-remark-title":"Remark","environment-solution-title":"Solution","listing-page-order-by":"Order By","listing-page-order-by-default":"Default","listing-page-order-by-date-asc":"Oldest","listing-page-order-by-date-desc":"Newest","listing-page-order-by-number-desc":"High to Low","listing-page-order-by-number-asc":"Low to High","listing-page-field-date":"Date","listing-page-field-title":"Title","listing-page-field-description":"Description","listing-page-field-author":"Author","listing-page-field-filename":"File Name","listing-page-field-filemodified":"Modified","listing-page-field-subtitle":"Subtitle","listing-page-field-readingtime":"Reading Time","listing-page-field-wordcount":"Word Count","listing-page-field-categories":"Categories","listing-page-minutes-compact":"{0} min","listing-page-category-all":"All","listing-page-no-matches":"No matching items","listing-page-words":"{0} words"},"metadata":{"lang":"en","fig-responsive":true,"quarto-version":"1.4.553","editor":"visual","theme":"cosmo","linestretch":1.5,"toc-location":"right","toc-title":"Содержание","mainfont":"monospace"},"extensions":{"book":{"multiFile":true}}}},"projectFormats":["html"]}