{"title":"Винченцо Пизану","markdown":{"headingText":"Винченцо Пизану","containsRefs":false,"markdown":"\n> Винченцо Пизану (Vincenzo Pisanu) родился 7 мая 1945 года в Урасе, в провинции Ористано, Сардиния. Всегда связанный с культурными событиями Сардинии, он предпринял первые инициативы по защите сардинской поэзии и языка, организуя литературные премии, сольные концерты и дебаты, радиопередачи. Eго стихи (как на сардинском так и на итальянском) неоднократно получали высочайшее одобрение жюри и самые представительные премии.\\\n> \\\n> (1945)\n\n**Как дождь**\n\nЭто как дождь внезапный -\\\nвдруг окатит тебя\\\nнеожиданно и,\\\nмедленно просачиваясь, насквозь пропитает.\\\nЭто как дождь, что капает\\\nкапля за каплей, но с собою несёт\\\nдикие реки,\\\nполные гальки, отполированной\\\nбуйным потоком.\\\nКамнем на душу ляжет\\\nмолчание твоё в моем пенье,\\\nи вкус прощания, который мы оба уже ощущаем,\\\nи тоска по \"люблю тебя\", что уже стала болью.\\\nОна как дождь -\\\nэта любовь, что еще не созрела,\\\nнежная, отвергнутая, запретная -\\\nдаже попробовать мы её не успели.\\\nЭто желание бесконечного,\\\nскрытое в улетаютающих каплях,\\\nв будущем сбудется может году,\\\nа может не сбудется вовсе.\\\nЭто дождь льёт, когда прозрачная, ты идёшь\\\nк своему устью, что растворяется в море.\\\nЭто дождь слёз, что сдерживать надо\\\nне показав никому, как тебе больно.\\\nДождь - это в воздухе пыль из любви,\\\nчто въедается в поры и кожу\\\nиз воды, которая есть ты сама,\\\nиз этой жажды моей,\\\nкоторой мало всех звезд...\\\nХочу тебя, хочу бесконечно.\\\nТри часа, но ещё я не сплю...\\\nПрости же за то\\\nчто в тебя я влюбился.\n\n**Подруга**\n\nНе хватай\\\nвытянутой рукою\\\nпоследнюю белую розу\\\nс моей ветки,\\\nты уколешься...\\\nНе ласкай\\\nрозовым платьем\\\nмои пожелтевшие листья,\\\nвышивку\\\nпорвать можешь.\\\nНе копай\\\nради игры жестокой\\\nмою выжженную землю,\\\nручей слез\\\nты найдешь под нею,\\\nумоешься ими...\\\nНе срывай\\\nради мимолетной секунды\\\nпоследней сладости завесу,\\\nты оставишь мне\\\nтолько горечь\\\nстены из тени,\\\nпоследнюю черную\\\nжемчужину в шкатулке.\\\nПрогуляйся легко\\\nнад моими бедными корнями\\\nи уйди ...\\\nЗапах, что ты чувствуешь,\\\nне весенний,\\\nон исчезнет, когда задует ветер,\\\nпервые дожди\\\nсмешаются с пылью\\\nи земля станет\\\nпросто грязью.\n\n**Должен же прибыть поезд**\n\nДолжен же прибыть\\\nпоезд\\\nоткуда-нибудь.\n\nПоезд, что мчится\\\nнавстречу ветру,\\\nмежду дюн\\\nщёгольски извиваясь.\\\nТолько я увижу его\\\nв этой гуще пьес,\\\nгде мы все играем.\n\nРасписанием для него будет солнце,\\\nпутевым листом будет\\\nвечность,\\\nмеж товарных и скорых\\\nон проследует\\\nв молчании,\\\nкуда его душа направит.\n\nДолжно же быть\\\nместо, где все\\\nпути скрестятся,\\\nкуда по аркам мостов\\\nмы из снов въедем,\\\nгде услышим вальс,\\\nчто больше не играют,\\\nи где, может быть, снова\n\nя смогу танцевать с тобою.\n\n**Акварель (только ты)**\n\nВ этом обволакивающем дуновении ветра\\\nтолько ты одна\\\nневидимыми объятьями растапливаешь\\\nзастывшие мысли. Дрожь листьев,\\\nи в танце быстром теней пастельных\\\nкапли солнца падают на ворота,\\\nобразуя узоры из светотени.\\\nТолько тебя одну, и трещины на стенах,\\\nкак нацарапанные строчки любовных писем.\\\nМежду плющом и ступенькой мягко краснеет\\\nчерепица, застенчиво пробивается клевер.\\\nТолько ты одна, только тебя хочу в потоке\\\nэтого холодного воздуха, что раскачивает\\\nменя между землей и небом,\\\nтвою грудь, что толкает мою, как два хлеба,\\\nмягких и теплых, набухших и щедрых.\\\nВ руках, в теле и в сердце, живьём тебя ощущаю.\\\nТолько ты в этом дыхании ветра\\\nхрупком, как сама жизнь,\\\nмощным, как сила пальцев\\\nв отчаянии сжатых, переплетенных,\\\nчтоб удержать подступившие слезы,\\\nзакат наступает\\\nмомент за моментом.\n\nТолько ты\\\nв этом дыхании ветра,\\\nтолько ты.\n","srcMarkdownNoYaml":""},"formats":{"html":{"identifier":{"display-name":"HTML","target-format":"html","base-format":"html"},"execute":{"fig-width":7,"fig-height":5,"fig-format":"retina","fig-dpi":96,"df-print":"default","error":false,"eval":true,"cache":null,"freeze":false,"echo":true,"output":true,"warning":true,"include":true,"keep-md":false,"keep-ipynb":false,"ipynb":null,"enabled":null,"daemon":null,"daemon-restart":false,"debug":false,"ipynb-filters":[],"ipynb-shell-interactivity":null,"plotly-connected":true,"engine":"markdown"},"render":{"keep-tex":false,"keep-typ":false,"keep-source":false,"keep-hidden":false,"prefer-html":false,"output-divs":true,"output-ext":"html","fig-align":"default","fig-pos":null,"fig-env":null,"code-fold":"none","code-overflow":"scroll","code-link":false,"code-line-numbers":false,"code-tools":false,"tbl-colwidths":"auto","merge-includes":true,"inline-includes":false,"preserve-yaml":false,"latex-auto-mk":true,"latex-auto-install":true,"latex-clean":true,"latex-min-runs":1,"latex-max-runs":10,"latex-makeindex":"makeindex","latex-makeindex-opts":[],"latex-tlmgr-opts":[],"latex-input-paths":[],"latex-output-dir":null,"link-external-icon":false,"link-external-newwindow":false,"self-contained-math":false,"format-resources":[],"notebook-links":true},"pandoc":{"standalone":true,"wrap":"none","default-image-extension":"png","to":"html","number-sections":false,"toc":true,"output-file":"Пизану.html"},"language":{"toc-title-document":"Table of contents","toc-title-website":"On this page","related-formats-title":"Other Formats","related-notebooks-title":"Notebooks","source-notebooks-prefix":"Source","other-links-title":"Other Links","code-links-title":"Code Links","launch-dev-container-title":"Launch Dev Container","launch-binder-title":"Launch Binder","article-notebook-label":"Article Notebook","notebook-preview-download":"Download Notebook","notebook-preview-download-src":"Download Source","notebook-preview-back":"Back to Article","manuscript-meca-bundle":"MECA Bundle","section-title-abstract":"Abstract","section-title-appendices":"Appendices","section-title-footnotes":"Footnotes","section-title-references":"References","section-title-reuse":"Reuse","section-title-copyright":"Copyright","section-title-citation":"Citation","appendix-attribution-cite-as":"For attribution, please cite this work as:","appendix-attribution-bibtex":"BibTeX citation:","title-block-author-single":"Author","title-block-author-plural":"Authors","title-block-affiliation-single":"Affiliation","title-block-affiliation-plural":"Affiliations","title-block-published":"Published","title-block-modified":"Modified","title-block-keywords":"Keywords","callout-tip-title":"Tip","callout-note-title":"Note","callout-warning-title":"Warning","callout-important-title":"Important","callout-caution-title":"Caution","code-summary":"Code","code-tools-menu-caption":"Code","code-tools-show-all-code":"Show All Code","code-tools-hide-all-code":"Hide All Code","code-tools-view-source":"View Source","code-tools-source-code":"Source Code","tools-share":"Share","tools-download":"Download","code-line":"Line","code-lines":"Lines","copy-button-tooltip":"Copy to Clipboard","copy-button-tooltip-success":"Copied!","repo-action-links-edit":"Edit this page","repo-action-links-source":"View source","repo-action-links-issue":"Report an issue","back-to-top":"Back to top","search-no-results-text":"No results","search-matching-documents-text":"matching documents","search-copy-link-title":"Copy link to search","search-hide-matches-text":"Hide additional matches","search-more-match-text":"more match in this document","search-more-matches-text":"more matches in this document","search-clear-button-title":"Clear","search-text-placeholder":"","search-detached-cancel-button-title":"Cancel","search-submit-button-title":"Submit","search-label":"Search","toggle-section":"Toggle section","toggle-sidebar":"Toggle sidebar navigation","toggle-dark-mode":"Toggle dark mode","toggle-reader-mode":"Toggle reader mode","toggle-navigation":"Toggle navigation","crossref-fig-title":"Figure","crossref-tbl-title":"Table","crossref-lst-title":"Listing","crossref-thm-title":"Theorem","crossref-lem-title":"Lemma","crossref-cor-title":"Corollary","crossref-prp-title":"Proposition","crossref-cnj-title":"Conjecture","crossref-def-title":"Definition","crossref-exm-title":"Example","crossref-exr-title":"Exercise","crossref-ch-prefix":"Chapter","crossref-apx-prefix":"Appendix","crossref-sec-prefix":"Section","crossref-eq-prefix":"Equation","crossref-lof-title":"List of Figures","crossref-lot-title":"List of Tables","crossref-lol-title":"List of Listings","environment-proof-title":"Proof","environment-remark-title":"Remark","environment-solution-title":"Solution","listing-page-order-by":"Order By","listing-page-order-by-default":"Default","listing-page-order-by-date-asc":"Oldest","listing-page-order-by-date-desc":"Newest","listing-page-order-by-number-desc":"High to Low","listing-page-order-by-number-asc":"Low to High","listing-page-field-date":"Date","listing-page-field-title":"Title","listing-page-field-description":"Description","listing-page-field-author":"Author","listing-page-field-filename":"File Name","listing-page-field-filemodified":"Modified","listing-page-field-subtitle":"Subtitle","listing-page-field-readingtime":"Reading Time","listing-page-field-wordcount":"Word Count","listing-page-field-categories":"Categories","listing-page-minutes-compact":"{0} min","listing-page-category-all":"All","listing-page-no-matches":"No matching items","listing-page-words":"{0} words"},"metadata":{"lang":"en","fig-responsive":true,"quarto-version":"1.4.553","editor":"visual","theme":"cosmo","linestretch":1.5,"toc-location":"right","toc-title":"Содержание","mainfont":"monospace"},"extensions":{"book":{"multiFile":true}}}},"projectFormats":["html"]}