{"Наццаро.qmd":[],"Капрони.qmd":[],"Корафильо.qmd":[],"Конте.qmd":[],"Нове.qmd":[],"Трави.qmd":[],"Пизану.qmd":[],"Эван.qmd":[],"Pecora.qmd":[],"Говони.qmd":[],"Вивиани.qmd":[],"intro.qmd":["knuth84"],"Кавалли.qmd":[],"Томада.qmd":[],"Мари.qmd":[],"Фьори.qmd":[],"Лолини.qmd":[],"Арминио.qmd":[],"Дженти.qmd":[],"Бенедетти.qmd":[],"Рабони.qmd":[],"index.qmd":[],"Пьерсанти.qmd":[],"Каталано.qmd":[],"Галлони.qmd":[],"Риккарди.qmd":[],"Пекора.qmd":[],"Монтале.qmd":[],"Ламарк.qmd":[],"Порта.qmd":[],"Д'Агостини.qmd":[]}
